{
  "loss": 0.7384505867958069,
  "mae": 0.5407592058181763,
  "val_loss": 4.029684543609619,
  "val_mae": 1.7269601821899414,
  "epoch": 0,
  "global_step": 21
}