{
  "loss": 0.6227144002914429,
  "mae": 0.5078194737434387,
  "val_loss": 7.614445686340332,
  "val_mae": 2.3601958751678467,
  "epoch": 0,
  "global_step": 21
}