{
  "loss": 0.21666541695594788,
  "mae": 0.303123414516449,
  "val_loss": 6.044316291809082,
  "val_mae": 2.0864007472991943,
  "epoch": 0,
  "global_step": 21
}