{
  "loss": 0.0004826527729164809,
  "mae": 0.012937984429299831,
  "val_loss": 4.70583438873291,
  "val_mae": 1.8067560195922852,
  "epoch": 99,
  "global_step": 2100
}