{
  "loss": 0.023721560835838318,
  "mae": 0.08685839921236038,
  "val_loss": 5.937241554260254,
  "val_mae": 2.093808650970459,
  "epoch": 2,
  "global_step": 63
}