{
  "loss": 0.00028926332015544176,
  "mae": 0.009814166463911533,
  "val_loss": 4.2527546882629395,
  "val_mae": 1.715004324913025,
  "epoch": 99,
  "global_step": 2100
}