{
  "loss": 0.003919797483831644,
  "mae": 0.03599376231431961,
  "val_loss": 6.026678085327148,
  "val_mae": 2.0732131004333496,
  "epoch": 6,
  "global_step": 147
}