{
  "loss": 0.0011756219901144505,
  "mae": 0.021018434315919876,
  "val_loss": 6.22536039352417,
  "val_mae": 2.10815691947937,
  "epoch": 36,
  "global_step": 777
}