{
  "loss": 0.16915953159332275,
  "mae": 0.2620994448661804,
  "val_loss": 3.5190703868865967,
  "val_mae": 1.5436599254608154,
  "epoch": 0,
  "global_step": 21
}