{
  "loss": 0.03313533589243889,
  "mae": 0.12373308837413788,
  "val_loss": 5.962161540985107,
  "val_mae": 2.0942723751068115,
  "epoch": 1,
  "global_step": 42
}