{
  "loss": 0.1413823515176773,
  "mae": 0.2646775245666504,
  "val_loss": 3.688044786453247,
  "val_mae": 1.6251022815704346,
  "epoch": 0,
  "global_step": 21
}