{
  "loss": 0.0005269314860925078,
  "mae": 0.013119485229253769,
  "val_loss": 4.549340724945068,
  "val_mae": 1.7835623025894165,
  "epoch": 74,
  "global_step": 1575
}