{
  "loss": 0.00031234114430844784,
  "mae": 0.010559397749602795,
  "val_loss": 2.6229894161224365,
  "val_mae": 1.40610933303833,
  "epoch": 97,
  "global_step": 2058
}