{
  "loss": 0.0031664245761930943,
  "mae": 0.03325497359037399,
  "val_loss": 5.42117166519165,
  "val_mae": 1.9618556499481201,
  "epoch": 30,
  "global_step": 651
}