{
  "loss": 0.0011020841775462031,
  "mae": 0.020085489377379417,
  "val_loss": 8.649599075317383,
  "val_mae": 2.5742459297180176,
  "epoch": 43,
  "global_step": 924
}