{
  "loss": 0.002634747652336955,
  "mae": 0.03044559247791767,
  "val_loss": 4.3233747482299805,
  "val_mae": 1.7478177547454834,
  "epoch": 20,
  "global_step": 441
}