{
  "loss": 0.002987049287185073,
  "mae": 0.032253991812467575,
  "val_loss": 4.957415580749512,
  "val_mae": 1.8648113012313843,
  "epoch": 96,
  "global_step": 2037
}