{
  "loss": 0.017990674823522568,
  "mae": 0.07526735961437225,
  "val_loss": 4.067844390869141,
  "val_mae": 1.7098743915557861,
  "epoch": 1,
  "global_step": 42
}