{
  "loss": 0.0030249112751334906,
  "mae": 0.03355975076556206,
  "val_loss": 2.286334753036499,
  "val_mae": 1.276732087135315,
  "epoch": 14,
  "global_step": 315
}