{
  "loss": 0.031842999160289764,
  "mae": 0.11152379959821701,
  "val_loss": 5.404453754425049,
  "val_mae": 1.9537006616592407,
  "epoch": 1,
  "global_step": 42
}