{
  "loss": 0.010680273175239563,
  "mae": 0.05490390583872795,
  "val_loss": 5.5341949462890625,
  "val_mae": 1.9586522579193115,
  "epoch": 6,
  "global_step": 147
}