{
  "loss": 0.0515403114259243,
  "mae": 0.1538795828819275,
  "val_loss": 4.180159091949463,
  "val_mae": 1.7098678350448608,
  "epoch": 2,
  "global_step": 63
}