{
  "loss": 0.007564016617834568,
  "mae": 0.04700704291462898,
  "val_loss": 6.047158241271973,
  "val_mae": 2.0707716941833496,
  "epoch": 15,
  "global_step": 336
}