{
  "loss": 0.00047044208622537553,
  "mae": 0.01217933464795351,
  "val_loss": 3.4850239753723145,
  "val_mae": 1.555340051651001,
  "epoch": 90,
  "global_step": 1911
}