{
  "loss": 0.13634900748729706,
  "mae": 0.22221069037914276,
  "val_loss": 9.302334785461426,
  "val_mae": 2.6877658367156982,
  "epoch": 0,
  "global_step": 21
}