{
  "loss": 0.5336799025535583,
  "mae": 0.4476543366909027,
  "val_loss": 6.4959821701049805,
  "val_mae": 2.169309616088867,
  "epoch": 0,
  "global_step": 21
}