{
  "loss": 0.009521888568997383,
  "mae": 0.06600475311279297,
  "val_loss": 8.845499992370605,
  "val_mae": 2.6900362968444824,
  "epoch": 23,
  "global_step": 504
}