{
  "loss": 0.32476404309272766,
  "mae": 0.31082484126091003,
  "val_loss": 5.7017621994018555,
  "val_mae": 2.0416436195373535,
  "epoch": 0,
  "global_step": 21
}