{
  "loss": 0.022457167506217957,
  "mae": 0.08904971927404404,
  "val_loss": 12.241188049316406,
  "val_mae": 3.1333041191101074,
  "epoch": 2,
  "global_step": 63
}