{
  "loss": 0.17748980224132538,
  "mae": 0.2588746249675751,
  "val_loss": 3.7483553886413574,
  "val_mae": 1.5892109870910645,
  "epoch": 0,
  "global_step": 21
}