{
  "loss": 0.2362462431192398,
  "mae": 0.306448370218277,
  "val_loss": 6.469407081604004,
  "val_mae": 2.281771659851074,
  "epoch": 0,
  "global_step": 21
}