{
  "loss": 0.02787126414477825,
  "mae": 0.112022764980793,
  "val_loss": 8.939738273620605,
  "val_mae": 2.6410651206970215,
  "epoch": 1,
  "global_step": 42
}