{
  "loss": 0.0004759679432027042,
  "mae": 0.012465935200452805,
  "val_loss": 5.406301975250244,
  "val_mae": 1.9560037851333618,
  "epoch": 82,
  "global_step": 1743
}