{
  "loss": 0.0007348721264861524,
  "mae": 0.01631670817732811,
  "val_loss": 6.178499698638916,
  "val_mae": 2.103720188140869,
  "epoch": 40,
  "global_step": 861
}