{
  "loss": 0.0014689009403809905,
  "mae": 0.023015519604086876,
  "val_loss": 8.194459915161133,
  "val_mae": 2.5123164653778076,
  "epoch": 32,
  "global_step": 693
}