{
  "loss": 0.005129505880177021,
  "mae": 0.04947730526328087,
  "val_loss": 8.064082145690918,
  "val_mae": 2.5381226539611816,
  "epoch": 27,
  "global_step": 588
}