{
  "loss": 0.06467887759208679,
  "mae": 0.1706712245941162,
  "val_loss": 6.57053279876709,
  "val_mae": 2.190355062484741,
  "epoch": 1,
  "global_step": 42
}