{
  "loss": 0.0014121768763288856,
  "mae": 0.023349106311798096,
  "val_loss": 7.03763484954834,
  "val_mae": 2.3027572631835938,
  "epoch": 49,
  "global_step": 1050
}