{
  "loss": 0.002115358831360936,
  "mae": 0.028172941878437996,
  "val_loss": 4.612326622009277,
  "val_mae": 1.7794383764266968,
  "epoch": 34,
  "global_step": 735
}