{
  "loss": 0.0022058566100895405,
  "mae": 0.028963038697838783,
  "val_loss": 5.050304412841797,
  "val_mae": 1.912143349647522,
  "epoch": 16,
  "global_step": 357
}