{
  "loss": 0.01774134859442711,
  "mae": 0.06758543103933334,
  "val_loss": 6.707982063293457,
  "val_mae": 2.2517964839935303,
  "epoch": 3,
  "global_step": 84
}