{
  "loss": 0.004383276216685772,
  "mae": 0.03682404011487961,
  "val_loss": 5.111289024353027,
  "val_mae": 1.8831651210784912,
  "epoch": 11,
  "global_step": 252
}