{
  "loss": 0.023701703175902367,
  "mae": 0.10049658268690109,
  "val_loss": 6.190733909606934,
  "val_mae": 2.12050199508667,
  "epoch": 1,
  "global_step": 42
}