{
  "loss": 0.009157366119325161,
  "mae": 0.0672442689538002,
  "val_loss": 4.515557289123535,
  "val_mae": 1.7564878463745117,
  "epoch": 13,
  "global_step": 294
}