{
  "loss": 0.0012703522806987166,
  "mae": 0.02215362712740898,
  "val_loss": 6.580236911773682,
  "val_mae": 2.1916587352752686,
  "epoch": 24,
  "global_step": 525
}