{
  "loss": 0.027400465682148933,
  "mae": 0.11168152093887329,
  "val_loss": 2.9043447971343994,
  "val_mae": 1.3941051959991455,
  "epoch": 1,
  "global_step": 42
}