{
  "loss": 0.009108686819672585,
  "mae": 0.052193980664014816,
  "val_loss": 10.002028465270996,
  "val_mae": 2.834038496017456,
  "epoch": 8,
  "global_step": 189
}