{
  "loss": 0.14959652721881866,
  "mae": 0.26089826226234436,
  "val_loss": 5.504302024841309,
  "val_mae": 1.959989309310913,
  "epoch": 0,
  "global_step": 21
}