{
  "loss": 0.001206743996590376,
  "mae": 0.021337764337658882,
  "val_loss": 4.304049491882324,
  "val_mae": 1.7447216510772705,
  "epoch": 26,
  "global_step": 567
}