{
  "loss": 0.09905342757701874,
  "mae": 0.20288710296154022,
  "val_loss": 8.148285865783691,
  "val_mae": 2.476752758026123,
  "epoch": 1,
  "global_step": 42
}