{
  "loss": 0.0032187604811042547,
  "mae": 0.03393059968948364,
  "val_loss": 8.75943374633789,
  "val_mae": 2.590513229370117,
  "epoch": 15,
  "global_step": 336
}