{
  "loss": 0.005868052132427692,
  "mae": 0.04318986460566521,
  "val_loss": 10.218849182128906,
  "val_mae": 2.8601150512695312,
  "epoch": 0,
  "global_step": 21
}