{
  "loss": 0.029660357162356377,
  "mae": 0.10887082666158676,
  "val_loss": 5.171865940093994,
  "val_mae": 1.923504114151001,
  "epoch": 1,
  "global_step": 42
}