{
  "loss": 0.04781143367290497,
  "mae": 0.14526066184043884,
  "val_loss": 3.930814266204834,
  "val_mae": 1.690187692642212,
  "epoch": 1,
  "global_step": 42
}