{
  "loss": 0.0004635893856175244,
  "mae": 0.012655415572226048,
  "val_loss": 8.189412117004395,
  "val_mae": 2.486030340194702,
  "epoch": 99,
  "global_step": 2100
}