{
  "loss": 0.2992817759513855,
  "mae": 0.3510255515575409,
  "val_loss": 5.9775710105896,
  "val_mae": 2.095008611679077,
  "epoch": 0,
  "global_step": 21
}