{
  "loss": 0.27977505326271057,
  "mae": 0.31168508529663086,
  "val_loss": 3.3717007637023926,
  "val_mae": 1.5232995748519897,
  "epoch": 0,
  "global_step": 21
}