{
  "loss": 0.08526220172643661,
  "mae": 0.17580686509609222,
  "val_loss": 3.351344585418701,
  "val_mae": 1.5539228916168213,
  "epoch": 0,
  "global_step": 21
}