{
  "loss": 0.0018771430477499962,
  "mae": 0.02662709727883339,
  "val_loss": 4.69314432144165,
  "val_mae": 1.8490941524505615,
  "epoch": 17,
  "global_step": 378
}