{
  "loss": 0.0014382523950189352,
  "mae": 0.024850407615303993,
  "val_loss": 5.057733535766602,
  "val_mae": 1.8936960697174072,
  "epoch": 41,
  "global_step": 882
}