{
  "loss": 0.0005089046317152679,
  "mae": 0.01328794751316309,
  "val_loss": 2.419750213623047,
  "val_mae": 1.3055973052978516,
  "epoch": 70,
  "global_step": 1491
}