{
  "loss": 0.00036442038253881037,
  "mae": 0.01097125094383955,
  "val_loss": 6.071480751037598,
  "val_mae": 2.0845298767089844,
  "epoch": 79,
  "global_step": 1680
}