{
  "loss": 0.21140575408935547,
  "mae": 0.3078601062297821,
  "val_loss": 5.010991096496582,
  "val_mae": 1.886322021484375,
  "epoch": 0,
  "global_step": 21
}