{
  "loss": 0.027628496289253235,
  "mae": 0.10127907246351242,
  "val_loss": 8.827411651611328,
  "val_mae": 2.6672005653381348,
  "epoch": 1,
  "global_step": 42
}