{
  "loss": 0.005287977401167154,
  "mae": 0.04191829264163971,
  "val_loss": 6.18264627456665,
  "val_mae": 2.139033555984497,
  "epoch": 12,
  "global_step": 273
}