{
  "loss": 0.275795578956604,
  "mae": 0.32662850618362427,
  "val_loss": 7.216691493988037,
  "val_mae": 2.2945494651794434,
  "epoch": 0,
  "global_step": 21
}