{
  "loss": 0.0009323263075202703,
  "mae": 0.018260179087519646,
  "val_loss": 8.708786010742188,
  "val_mae": 2.6461379528045654,
  "epoch": 43,
  "global_step": 924
}