{
  "loss": 0.32025521993637085,
  "mae": 0.3500458598136902,
  "val_loss": 5.423288345336914,
  "val_mae": 1.9898115396499634,
  "epoch": 0,
  "global_step": 21
}