{
  "loss": 0.35375547409057617,
  "mae": 0.35918524861335754,
  "val_loss": 5.026482582092285,
  "val_mae": 1.8666757345199585,
  "epoch": 0,
  "global_step": 21
}