{
  "loss": 0.01862330734729767,
  "mae": 0.07754074782133102,
  "val_loss": 3.9539966583251953,
  "val_mae": 1.7043445110321045,
  "epoch": 2,
  "global_step": 63
}