{
  "loss": 0.0014440902741625905,
  "mae": 0.024615371599793434,
  "val_loss": 2.439741611480713,
  "val_mae": 1.271080732345581,
  "epoch": 32,
  "global_step": 693
}